{"ranking":[{"nick":"jpleal","victories":2,"games":2},{"nick":"zp","victories":0,"games":2},{"nick":"hrn","victories":167,"games":168},{"nick":"am","victories":27,"games":59},{"nick":"po","victories":153,"games":205},{"nick":"ij","victories":3,"games":7},{"nick":"et","victories":15,"games":19},{"nick":"cr","victories":6,"games":10},{"nick":"lh","victories":35,"games":75},{"nick":"uy","victories":100,"games":206},{"nick":"mo","victories":28,"games":29},{"nick":"je","victories":11,"games":16},{"nick":"qn","victories":9,"games":15},{"nick":"pn","victories":76,"games":89},{"nick":"group15","victories":40,"games":99},{"nick":"group_15","victories":59,"games":99}]}